{
  "ticker": "C:EURUSD",
  "queryCount": 1,
  "resultsCount": 1,
  "adjusted": true,
  "results": [
    {
      "T": "C:EURUSD",
      "v": 205698,
      "vw": 1.0842,
      "o": 1.07868,
      "c": 1.08264,
      "h": 1.08887,
      "l": 1.078,
      "t": 1741391999999,
      "n": 205698
    }
  ],
  "status": "OK",
  "request_id": "294bf37661b5f0b8f2c94c9f6963a49a",
  "count": 1
}